{
  "name": "OPHAROLD AI Token List",
  "tags": {
    "utility-token": {
      "name": "Utility Token",
      "description": "Tokens with utility value in a project ecosystem"
    },
    "ai": {
      "name": "AI",
      "description": "Tokens related to artificial intelligence"
    },
    "meme": {
      "name": "Meme",
      "description": "Community-driven meme tokens"
    }
  },
  "logoURI": "https://raw.githubusercontent.com/opharoldai/token-list/main/logo.png",
  "keywords": [
    "solana",
    "token",
    "list"
  ],
  "timestamp": "2025-04-17T00:00:00.000Z",
  "tokens": [
    {
      "chainId": 101,
      "address": "6ReRwxxgmfdQHUAJTR9qB7dBNHcAfgLoJDCQAo5Fpump",
      "symbol": "OPHAI",
      "name": "OPHAROLD AI",
      "decimals": 9,
      "logoURI": "https://raw.githubusercontent.com/opharoldai/token-list/main/assets/mainnet/6ReRwxxgmfdQHUAJTR9qB7dBNHcAfgLoJDCQAo5Fpump/logo.png",
      "tags": [
        "utility-token",
        "ai",
        "meme"
      ]
    }
  ]
}